{
  "lang":"fr",
  "name":"pipeline",
  "version":"0.0.0",
  "spacy_version":">=3.7.4,<3.8.0",
  "description":"",
  "author":"",
  "email":"",
  "url":"",
  "license":"",
  "spacy_git_version":"bff8725f4",
  "vectors":{
    "width":0,
    "vectors":0,
    "keys":0,
    "name":null,
    "mode":"default"
  },
  "labels":{
    "tok2vec":[

    ],
    "ner":[
      "DISEASE"
    ]
  },
  "pipeline":[
    "tok2vec",
    "ner"
  ],
  "components":[
    "tok2vec",
    "ner"
  ],
  "disabled":[

  ],
  "performance":{
    "ents_f":0.9683698297,
    "ents_p":0.9900497512,
    "ents_r":0.9476190476,
    "ents_per_type":{
      "DISEASE":{
        "p":0.9900497512,
        "r":0.9476190476,
        "f":0.9683698297
      }
    },
    "tok2vec_loss":188.206582497,
    "ner_loss":91.2267290731
  }
}